First Name,Last Name,Username,Email,Phone,Kids
Don,Fay,,don.fay+import@example.com,610-555-4001,Donni Fay; Francesca Fay
Erin,Jordan,,erin.jordan+import@example.com,610-555-4002,Zion Jordan
Heather,Bosso,,heather.bosso@example.com,610-555-2001,Hannah Bosso
Michael,Bosso,,michael.bosso@example.com,610-555-2002,Hannah Bosso
Laura,Cooper,,laura.cooper@example.com,610-555-2003,Kennedy Cooper; Trace Cooper
David,Cooper,,david.cooper@example.com,610-555-2004,Kennedy Cooper; Trace Cooper
Megan,Danley,,megan.danley@example.com,610-555-2005,Duke Danley; Nash Danley
Chris,Danley,,chris.danley@example.com,610-555-2006,Duke Danley; Nash Danley
Casey,Barrett,,casey.barrett@example.com,610-555-2201,James Barrett
Taylor,Baum,,taylor.baum@example.com,610-555-2202,Henry Baum
Jordan,Blane,,jordan.blane@example.com,610-555-2203,Jack Blane
Avery,Bradley,,avery.bradley@example.com,610-555-2205,Brendan Bradley
Riley,Brazill,,riley.brazill@example.com,610-555-2206,Tyler Brazill
Skyler,Brown,jsmith,skyler.brown@example.com,610-555-2207,Asher Brown
Parker,Byrne,wcbyrne,parker.byrne@example.com,610-555-2208,Seamus Byrne
Cameron,Campbell,wccampbell,cameron.campbell@example.com,610-555-2209,Grady Campbell
Quinn,Campo,,quinn.campo@example.com,610-555-2210,Mitchell Campo
Hayden,Cannon,,hayden.cannon@example.com,610-555-2211,Chase Cannon
Emerson,Carr,,emerson.carr@example.com,610-555-2212,Henry Carr
Reese,Castner,,reese.castner@example.com,610-555-2213,Rhys Castner
Dakota,Cernich,,dakota.cernich@example.com,610-555-2214,Nicholas Cernich
Kendall,Clauhs,,kendall.clauhs@example.com,610-555-2215,Andrew Clauhs
Rowan,Corbitt,,rowan.corbitt@example.com,610-555-2217,Maria Celme Corbitt
Finley,Cosgriff,,finley.cosgriff@example.com,610-555-2218,Kason Cosgriff
Payton,Crowley,,payton.crowley@example.com,610-555-2219,Brady Crowley
Casey,Demi,,casey.demi@example.com,610-555-2221,Gideon Demi
Taylor,Dempsey,,taylor.dempsey@example.com,610-555-2222,Benjamin Dempsey
Jordan,Dinsmore,,jordan.dinsmore@example.com,610-555-2223,Jacob Dinsmore
Morgan,Doyle,,morgan.doyle@example.com,610-555-2224,William Doyle
Avery,Dunn,wcdunn,avery.dunn@example.com,610-555-2225,Martin Dunn; Mikayla Dunn
Riley,Elmore,,riley.elmore@example.com,610-555-2226,Samuel Elmore
Skyler,Emmonds,,skyler.emmonds@example.com,610-555-2227,Huxley Emmonds
Parker,Ernst,,parker.ernst@example.com,610-555-2228,Wyatt Ernst
Cameron,Esqueda,,cameron.esqueda@example.com,610-555-2229,Desmond Esqueda
Quinn,Fabri,,quinn.fabri@example.com,610-555-2230,Rocco Fabri
Hayden,Fennelly,,hayden.fennelly@example.com,610-555-2231,Logan Fennelly
Emerson,Fernandes,,emerson.fernandes@example.com,610-555-2232,Evan Fernandes
Reese,Fidler,,reese.fidler@example.com,610-555-2233,Brad Fidler; Zach Fidler
Dakota,Flaherty,,dakota.flaherty@example.com,610-555-2234,Griffin Flaherty
Kendall,Frinzi,,kendall.frinzi@example.com,610-555-2235,Roman Frinzi
Sawyer,Furman,,sawyer.furman@example.com,610-555-2236,Byron Furman; Rudyard Furman
Rowan,Galamba,,rowan.galamba@example.com,610-555-2237,Trace Galamba
Finley,Garcia,,finley.garcia@example.com,610-555-2238,Waylon Garcia
Payton,Garraty,,payton.garraty@example.com,610-555-2239,Jack Garraty
Harper,Goodwin,,harper.goodwin@example.com,610-555-2240,Westyn Goodwin
Casey,Gretsky,,casey.gretsky@example.com,610-555-2241,Camryn Gretsky
Taylor,Healy,,taylor.healy@example.com,610-555-2242,Aidan Healy
Jordan,Heckenberger,,jordan.heckenberger@example.com,610-555-2243,Bobbi Heckenberger; Brooks Heckenberger
Morgan,Helms,,morgan.helms@example.com,610-555-2244,Grayson Helms; Madison Helms
Avery,Hopson,,avery.hopson@example.com,610-555-2245,Finnegan Hopson; Rhys Hopson
Riley,Houck,,riley.houck@example.com,610-555-2246,Shane Houck
Skyler,Howard,,skyler.howard@example.com,610-555-2247,Bryson Howard
Parker,Idelson,,parker.idelson@example.com,610-555-2248,Weston Idelson
Cameron,Jiang,,cameron.jiang@example.com,610-555-2249,Maxwell Jiang
Quinn,Kaleida,,quinn.kaleida@example.com,610-555-2250,Ashton Kaleida
Hayden,Kurfis,,hayden.kurfis@example.com,610-555-2251,John Kurfis
Emerson,Lamancusa,,emerson.lamancusa@example.com,610-555-2252,Sean Lamancusa
Reese,Larison,,reese.larison@example.com,610-555-2253,Charles Larison
Dakota,LePere,,dakota.lepere@example.com,610-555-2254,Aiden LePere
Kendall,Levinson,,kendall.levinson@example.com,610-555-2255,Brennan Levinson
Sawyer,MacCleary,,sawyer.maccleary@example.com,610-555-2256,William MacCleary
Rowan,Mackin,,rowan.mackin@example.com,610-555-2257,Rhys Mackin
Finley,Mahalik,,finley.mahalik@example.com,610-555-2258,Liam Mahalik
Payton,Mancano,,payton.mancano@example.com,610-555-2259,Brayden Mancano; Jesse Mancano
Harper,Mattia,,harper.mattia@example.com,610-555-2260,Dominic Mattia
Casey,McFarlane,,casey.mcfarlane@example.com,610-555-2261,William McFarlane
Taylor,McNeeley,,taylor.mcneeley@example.com,610-555-2262,Oliver McNeeley
Jordan,Metzgar,,jordan.metzgar@example.com,610-555-2263,Brian Metzgar
Morgan,Miller,,morgan.miller@example.com,610-555-2264,Colton Miller
Avery,Milligan,,avery.milligan@example.com,610-555-2265,Robert Milligan; Rory Milligan
Riley,Moehler,,riley.moehler@example.com,610-555-2266,August Moehler
Skyler,Monaghan,,skyler.monaghan@example.com,610-555-2267,Jacob Monaghan
Parker,Murtaugh,,parker.murtaugh@example.com,610-555-2268,Lochlan Murtaugh
Cameron,O'Donnell,,cameron.odonnell@example.com,610-555-2269,Julian O'Donnell
Quinn,Obenski,,quinn.obenski@example.com,610-555-2270,Miles Obenski
Hayden,Overturf,,hayden.overturf@example.com,610-555-2271,Wesley Overturf
Emerson,Parsons,,emerson.parsons@example.com,610-555-2272,Kaine Parsons
Reese,Patel,,reese.patel@example.com,610-555-2273,Zachary Patel
Dakota,Paulson,,dakota.paulson@example.com,610-555-2274,Wesley Paulson
Kendall,Peggs,,kendall.peggs@example.com,610-555-2275,Nico Peggs
Sawyer,Pellicano,wcpellicano,sawyer.pellicano@example.com,610-555-2276,Charlie Pellicano; Liam Pellicano
Rowan,Peng,,rowan.peng@example.com,610-555-2277,Kai Peng
Finley,Ravi,,finley.ravi@example.com,610-555-2278,Manya Ravi
Payton,Rector,,payton.rector@example.com,610-555-2279,Sebastian Rector; Shane Rector
Harper,Reed,,harper.reed@example.com,610-555-2280,Andrew Reed
Casey,Rengers,,casey.rengers@example.com,610-555-2281,Otto Rengers
Taylor,Rovine,,taylor.rovine@example.com,610-555-2282,Noah Rovine; Rex Rovine
Jordan,Sacchetta,,jordan.sacchetta@example.com,610-555-2283,Joseph Sacchetta; Samuel Sacchetta
Morgan,Sargent,,morgan.sargent@example.com,610-555-2284,Matthew Sargent
Avery,Shephard,,avery.shephard@example.com,610-555-2285,Finley Shephard; Kolton Shephard
Riley,Sherif,,riley.sherif@example.com,610-555-2286,Layth Sherif
Skyler,Shirley,,skyler.shirley@example.com,610-555-2287,Landon Shirley; Nathan Shirley
Parker,Sleiman,,parker.sleiman@example.com,610-555-2288,Oliver Sleiman
Cameron,Smith,,cameron.smith@example.com,610-555-2289,Logan Smith
Quinn,Thompson,,quinn.thompson@example.com,610-555-2290,Roscoe Thompson
Hayden,Timm,,hayden.timm@example.com,610-555-2291,Tabitha Timm
Emerson,Triola,,emerson.triola@example.com,610-555-2292,Graeson Triola
Reese,Valiga,,reese.valiga@example.com,610-555-2293,Richie Valiga
Dakota,Vosper,,dakota.vosper@example.com,610-555-2294,Cael Vosper
Kendall,Ward,,kendall.ward@example.com,610-555-2295,Tommy Ward
Sawyer,Whittaker,,sawyer.whittaker@example.com,610-555-2296,Rhys Whittaker
Rowan,Wolfe,,rowan.wolfe@example.com,610-555-2297,Brady Wolfe
Finley,Woods,,finley.woods@example.com,610-555-2298,Zachary Woods
Payton,Yabor,,payton.yabor@example.com,610-555-2299,Brody Yabor
Harper,Zamora,,harper.zamora@example.com,610-555-2300,Jared Zamora
Casey,Zane,,casey.zane@example.com,610-555-2301,Boden Zane; Fletcher Zane; Jack Zane
Taylor,Zheng,,taylor.zheng@example.com,610-555-2302,Bentley Zheng
Jordan,woods,,jordan.woods@example.com,610-555-2303,Spencer woods
